username,authorid,created,text,retwc,followers,friends,polarity,subjectivity
Sateesh Mishra,70653093,2018-03-14 18:35:55,"RT @AsYouNotWish: “Pakistan is Islam’s biggest enemy, commits acts of terror in its name, kills innocent Muslims,” says Baloch activist and…",431,166,679,0.5,0.7
Jay Beecher,3815935215,2018-03-14 18:35:50,"@realDonaldTrump Out in April 2018, my new book, THE FIFTH COLUMN. Includes the true violent history of Islam, shoc… https://t.co/kT51HbyNWr",0,3010,5000,-0.10454545454545457,0.7015151515151515
Brenda Joens,971220108050927616,2018-03-14 18:35:50,"RT @chuckwoolery: Muslim Mayor of London Bashes Free Speech in Texas, Ignores U.K. Terror https://t.co/eLGI5gnUkL https://t.co/aq2T6hzobp",40,48,51,0.4,0.8
Mian Rashid,835709096795975680,2018-03-14 18:35:47,RT @beenasarwar: Terrible news from #Lahore - terror attack near police checkpost at Raiwind. Sad loss of lives. Prayers for recovery of th…,4,84,33,-0.4666666666666666,0.7999999999999999
renalRobinson,419623275,2018-03-14 18:35:46,"RT @chuckwoolery: Muslim Mayor of London Bashes Free Speech in Texas, Ignores U.K. Terror https://t.co/eLGI5gnUkL https://t.co/aq2T6hzobp",40,115,88,0.4,0.8
Z̶c̶c̶ ̶K̶h̶a̶n̶,919119247783223296,2018-03-14 18:35:38,"RT @ShoaibPTI_PP147: Strongly condemn terror attack in Raiwand, My heartfelt condolences goes out to the affected families and Pyarers for…",11,137,342,0.21666666666666665,0.8666666666666667
hammy.,134421450,2018-03-14 18:35:34,cc the right honourable anti-west terror apologist @jeremycorbyn https://t.co/27ZNVCeB83,0,2474,2819,0.2857142857142857,0.5357142857142857
Claxtron82,909190957924585472,2018-03-14 18:35:33,"@fukoyanomusume Well I mainly love Necronomidol, but I like Dempagumi inc. , Kamen Joshi, Pikarin, and Kaqriyo Terr… https://t.co/XUyPmF1FkX",0,433,467,0.5,0.6
Azmat Lakk,381228807,2018-03-14 18:35:33,"Lahore blast at annual congregation of Tableghi Jamaat. Condemnable but also, you cant keep snakes in your backyard… https://t.co/a6hhPTS57Q",0,105,260,0.0,0.0
Mohammad Salman,52780675,2018-03-14 18:35:31,"RT @TalatHussain12: 1. Terror returns to Lahore. Just when we thought we had nailed everything by nailing the Senate, a bloody reminder of…",158,75,365,-0.8,0.9
CherylHarper,342557007,2018-03-14 18:35:31,"@byMorganWright Magic Terror, Peter Straub",0,2638,3357,0.5,1.0
Horsey Matilda,296181951,2018-03-14 18:35:30,"RT @IzzyKamikaze: Ed Brophy, former ""special advisor"" to then-Tánaiste Joan Burton,  seems to have ""forgotten"" the Reign of Terror of @Labo…",1,4218,2534,0.17857142857142858,0.2857142857142857
Adam,81000458,2018-03-14 18:35:27,"RT @rmayemsinger: You're not the Second Amendment. You're a lobby of gun sellers using the 2A as a shield to sell more guns, much like a te…",234,499,772,0.2333333333333333,0.2333333333333333
Terri 🇺🇸,54694077,2018-03-14 18:35:25,"RT @chuckwoolery: Muslim Mayor of London Bashes Free Speech in Texas, Ignores U.K. Terror https://t.co/eLGI5gnUkL https://t.co/aq2T6hzobp",40,626,992,0.4,0.8
Daniel Beckstedt,898678388596117505,2018-03-14 18:35:22,"RT @chuckwoolery: Muslim Mayor of London Bashes Free Speech in Texas, Ignores U.K. Terror https://t.co/eLGI5gnUkL https://t.co/aq2T6hzobp",40,58,157,0.4,0.8
Katrina is the Queen,719299665901051904,2018-03-14 18:35:21,The man charged in the Edmonton ‘TERROR’ attack!!!! He is a terrorist say it as it is. https://t.co/3tt8TNhKoF,0,454,270,0.0,0.0
GoodKidsMadCity,972521408264835072,2018-03-14 18:35:18,"RT @911news: but free market capitalism swamps children with terror, wars RT @jaisalnoor: Students - like this 9th grader- have a simple re…",1,58,252,0.2,0.5785714285714286
Rachel Yadin🐑 راشيل يادين,282452713,2018-03-14 18:35:18,"RT @GolanSh: #Turkey ramps up assault on Kurdish enclave of #Afrin in #Syria | @i24NEWS
https://t.co/LfrJsw7IX6
#Muslims @RT_Erdogan #Radic…",2,586,364,0.0,0.0
Sean,26069933,2018-03-14 18:35:16,@xscoutie @voxdotcom Still waiting for the example of the infamous act of terror from any member of the NRA. Waiting...waiting...waiting.,0,769,51,-0.5,1.0
Goethe-Institut New York,148100493,2018-03-14 18:35:14,"Tomorrow night, we screen NSU: The Investigators, the final installment of the German History X series on the neo-N… https://t.co/v8BqFRvHHl",0,8024,1268,0.0,0.5
Cooky,2330883598,2018-03-14 18:35:14,RT @Anna_Soubry: I’m appalled that #Muslim families at #RoundhillPrimary #Beeston #NG9 have received hateful letters threatening &amp; inciting…,50,1384,820,-0.8,1.0
Michael Orr,199604370,2018-03-14 18:35:10,"RT @attackerman: “The logic of the war on terror, that no act of brutality carries a cost that is too dear to pay, is one that erases all d…",80,310,70,0.0,0.0
...david jones,289148078,2018-03-14 18:35:09,Evening Standard:  Police hide 100 emergency trauma kits around City of London's Square Mile in case of terror atta… https://t.co/fCjc5B7sFJ,0,5494,2348,0.0,0.0
EvanH ErikM,236370429,2018-03-14 18:35:07,RT @PamelaGeller: Muslim serving 25 years for jihad terror plot slits throat of prison warden https://t.co/6o5miOjRmh https://t.co/qzP27WR3…,130,487,549,0.0,0.0
Denise Snively,893850626354020352,2018-03-14 18:35:05,"RT @chuckwoolery: Muslim Mayor of London Bashes Free Speech in Texas, Ignores U.K. Terror https://t.co/eLGI5gnUkL https://t.co/aq2T6hzobp",40,217,454,0.4,0.8
Stacy,794573379768455168,2018-03-14 18:35:03,"RT @LauraLoomer: Insane. An Islamic terrorist attack took place in Jupiter, FL and the terrorist targeted children, killing 1 &amp; injuring 3…",1592,642,685,-1.0,1.0
Tory,462981700,2018-03-14 18:35:00,"RT @pr0udwhite: ‘We’ve been abandoned’ EU is not fighting hard enough to STOP extremists
https://t.co/R145Z5hrFH",1,411,34,-0.14583333333333334,0.5208333333333333
✌🏼Julez✌🏼 #DemForce🇺🇸,403078252,2018-03-14 18:34:54,"RT @nanna14075: @JanzforCongress There will be more. 

https://t.co/H2ky6eOdGO 
https://t.co/dUzDX9MJZt  
@maddogpac https://t.co/xLggyB1BYQ",6,2756,3627,0.5,0.5
S. Sadowsky,267392749,2018-03-14 18:34:52,"RT @rmayemsinger: You're not the Second Amendment. You're a lobby of gun sellers using the 2A as a shield to sell more guns, much like a te…",234,196,459,0.2333333333333333,0.2333333333333333
with rahul,925733790953103362,2018-03-14 18:34:51,"RT @Shehla_Rashid: Aseemanand's crucial confession goes missing from court. Duh!! Sure, it did.

On India Today Conclave, I asked the Sangh…",256,282,237,-0.04218749999999999,0.6347222222222222
Jay Beecher,3815935215,2018-03-14 18:34:50,"@realDonaldTrump Out in April 2018, my new book, THE FIFTH COLUMN. Includes the true violent history of Islam, shoc… https://t.co/4yxhCwTsIH",0,3010,5000,-0.10454545454545457,0.7015151515151515
Leena chakravorty,221720571,2018-03-14 18:34:49,RT @pbhushan1: Aseemanand's confessional statement in the Mecca Masjid blast case giving details of Hindu terror conspiracy to carry out bl…,504,273,211,0.0,0.0
Blazej Blasikiewicz,790128144393076736,2018-03-14 18:34:48,"RT @steve_hanke: ""Women were so fearful of being raped or sexually abused by aid workers that they refused to enter U.N. distribution cente…",14,62,97,-0.2,0.9166666666666667
Serkan KÖROĞLU,937961866135048192,2018-03-14 18:34:47,"RT @DailySabah: LIVE — President Erdoğan: 3,486 terrorists have been ""neutralized"" since start of #OperationOliveBranch in Syria's Afrin
ht…",3,104,366,0.13636363636363635,0.5
Tony,47107788,2018-03-14 18:34:46,So Theresa May can deport these Rusky spies within a week but known Islamist terror folk can stay 🤔,0,507,333,0.0,0.0
Puneet Kumar,2539937910,2018-03-14 18:34:44,RT @VashiMant: Babur erected pillars of cut-heads of idolater Hindus.He used to parade w/ these pillars in cities to instil terror in Hindu…,62,181,1039,-0.25,0.23333333333333334
🏵Kimbra💐,880818095786524673,2018-03-14 18:34:38,"RT @BlessPres45: 🤷‍♀️Why Haven't We Heard Updates on #LasVegasShooting🤔
➡️Huge Division in #FBI...those that support liberal agenda vs. tho…",260,21518,21018,0.0,0.0
Matt Ryder,22096537,2018-03-14 18:34:38,"RT @saladinahmed: EXILES, my new comic with @javiercaster @BakadoriSan &amp; @whoajordie is about alternate versions of Marvel heroes fighting…",24,125,98,0.12878787878787878,0.3181818181818182
Tom Thompson,945467700922503168,2018-03-14 18:34:36,"RT @jessphoenix2018: When schools have gone from places of learning to places of terror, it's beyond time to act. Our kids need schools fre…",232,169,886,0.0,0.0
C Speng,774258795283447808,2018-03-14 18:34:35,"RT @Jay_Beecher: @scrowder Out in April 2018, my new book, THE FIFTH COLUMN. Includes the true violent history of Islam, shocking interview…",1,1086,2208,-0.32840909090909093,0.7761363636363636
Jeff Heath,3536844076,2018-03-14 18:34:34,"RT @LauraLoomer: Insane. An Islamic terrorist attack took place in Jupiter, FL and the terrorist targeted children, killing 1 &amp; injuring 3…",1592,2274,2172,-1.0,1.0
Melissa Fernandez,823631261977616384,2018-03-14 18:34:34,"RT @chuckwoolery: Muslim Mayor of London Bashes Free Speech in Texas, Ignores U.K. Terror https://t.co/eLGI5gnUkL https://t.co/aq2T6hzobp",40,503,94,0.4,0.8
Football Stand,894917106151690240,2018-03-14 18:34:34,Eighth man arrested as anti-terror police carry out new raids in Manchester bomb probe - Liverpool Echo https://t.co/Nrx2ZK5BpZ,0,1498,1354,0.13636363636363635,0.45454545454545453
Denis Muganda,731179413484785664,2018-03-14 18:34:32,RT @C_NyaKundiH: It is wrong for @NPSOfficial_KE to stage a terror operation in order to solicit for more funding from the likes of  @BobGo…,6,303,189,0.0,0.7
Alan McClain,752263245948395520,2018-03-14 18:34:31,"RT @chuckwoolery: Muslim Mayor of London Bashes Free Speech in Texas, Ignores U.K. Terror https://t.co/eLGI5gnUkL https://t.co/aq2T6hzobp",40,165,259,0.4,0.8
ambar,825410804530831360,2018-03-14 18:34:30,"RT @ABCPolitics: Father of Parkland victim slams NRA videos:

""If this was put out by a terrorist organization, we would be raising the ter…",50732,36,81,-0.07500000000000001,0.05
Michelle Sinclair,954783287167332352,2018-03-14 18:34:27,"RT @JudicialWatch: Flashback: While he was FBI Director, Mueller worked w/ Islamist orgs — including ISNA &amp; CAIR (unindicted co-conspirator…",129,105,644,0.0,0.0
MinPlus,732909233016950784,2018-03-14 18:34:16,"21. What songs mean the most to you? 

Hmm this is a hard question 
But probably Neru's Terror",0,105,124,-0.03472222222222223,0.5763888888888888
Daddythunder,932041973216829440,2018-03-14 18:34:16,RT @PamelaGeller: Muslim serving 25 years for jihad terror plot slits throat of prison warden https://t.co/6o5miOjRmh https://t.co/qzP27WR3…,130,5714,5897,0.0,0.0
Eva-Maria Farohi,3072202492,2018-03-14 18:34:15,"RT @WBooneHedgepeth: Every life worth it's salt faces a one culminating crucible of fire. If I had not trained body, mind and spirit for 6…",63,3452,2358,0.3,0.1
