username,authorid,created,text,retwc,followers,friends,polarity,subjectivity
Rain B☮jangles &: {) 🇵🇸,16091981,2018-03-16 06:17:43,"RT @lagenie24: UN Panels explains that US bombing of civilians in Syria--unlike Russian bombing--cant be said to be war crimes
https://t.co…",1,15003,15567,0.0,0.0
#VoteBlue2018,923535654,2018-03-16 06:17:41,"RT @JoeNBC: What an ignorant thing to say. 
Andrew McCabe served honorably in the FBI on the SWAT team, fighting organized crime, combating…",7954,2900,2698,0.0,0.0
Carol Becker,2592419502,2018-03-16 06:17:32,"RT @JoeNBC: What an ignorant thing to say. 
Andrew McCabe served honorably in the FBI on the SWAT team, fighting organized crime, combating…",7954,3141,3075,0.0,0.0
the rich are destroying america,864531085719371776,2018-03-16 06:17:28,"RT @djlavoie: People aren't freaking out ENOUGH about John Bolton as NSC.

He will tell Trump that bombing countries will make him ""tough""…",2001,224,529,-0.19444444444444445,0.6666666666666667
dolce,4911105927,2018-03-16 06:17:24,"RT @MarkRocon: @juearthman @LavinderGirl Obama received world phrase and a Nobel Peace prize simply for existing, while selling weapons to…",45,55297,13476,0.0,0.35714285714285715
lee oack,705063117731012611,2018-03-16 06:17:07,"RT @AltScalesOfJust: If a hostile country bombs one US power plant, it’s an act of war. If they compromise our national nuclear power grid…",55,3049,4895,0.0,0.0
Jenny Abamu,271194473,2018-03-16 06:17:02,These are the victims of the Austin package bombings @CNN https://t.co/Zv5bYyk9s8,0,894,880,0.0,0.0
Dale Freeman,31223236,2018-03-16 06:16:51,RT @The_UnSilent_: Potential Trump National Security Adviser John Bolton is a lunatic &amp; thinks war is the solution to EVERY problem the U.S…,171,7414,7017,0.0,1.0
nancy mindes,123943277,2018-03-16 06:16:47,"RT @juicyplanet: ""People aren't freaking out ENOUGH about John Bolton as NSC. He will tell Trump that bombing countries will make... https:…",2,6396,6955,0.0,0.5
PXB,38777753,2018-03-16 06:16:36,"RT @JoeNBC: What an ignorant thing to say. 
Andrew McCabe served honorably in the FBI on the SWAT team, fighting organized crime, combating…",7954,22,303,0.0,0.0
Pakhtun,700782361168969729,2018-03-16 06:16:23,@MSharif1990 @Samiyousafzai what is the next bombing timing in #kabul?? plz contact with #ghani and inform all of us,0,170,727,0.0,0.0
RedPillBearsFan,49245388,2018-03-16 06:16:19,@RealJamesWoods It takes an awful lot of hate to target a human with a bomb like that what if the target doesn’t op… https://t.co/b7aWeyJHRV,0,35,94,-0.6,0.6666666666666666
Patrick Poole,22009023,2018-03-16 06:16:14,RT @skestenbaum: Victims of the Palm Sunday bombing memorialized outside St. Mark's church in Alexandria. Tattered clothing and glass shard…,2,10414,772,0.0,0.05
Joel,2357592181,2018-03-16 06:16:14,"RT @tha_rami: As someone who always used to read user reviews, I just noticed that I simply don't trust user reviews on stuff beyond my own…",89,75,130,0.0,0.35714285714285715
⚡️🦅Daria Garcia✨🐢,2510753433,2018-03-16 06:15:53,"RT @ShaunKing: I'd like to know if the @Austin_Police even preserved the evidence from the first bombing that killed Stephan House. 

Did t…",164,4512,4829,0.024999999999999994,0.16666666666666666
Ivan,484088479,2018-03-16 06:15:48,RT @The_UnSilent_: Potential Trump National Security Adviser John Bolton is a lunatic &amp; thinks war is the solution to EVERY problem the U.S…,171,71,123,0.0,1.0
M. Alexander,317670501,2018-03-16 06:15:48,"RT @djlavoie: People aren't freaking out ENOUGH about John Bolton as NSC.

He will tell Trump that bombing countries will make him ""tough""…",2001,66,212,-0.19444444444444445,0.6666666666666667
JK Schrader,65609788,2018-03-16 06:15:46,"RT @volkerperthes: After 7 years of war in #Syria, no one mentions peace. But bombing, killing &amp; besiegement can and must stop. It „only“ n…",9,147,1128,0.0,0.0
Xolani_Brooklyn,961246470497292288,2018-03-16 06:15:39,"@News24 Does God have to do with killing of innocent souls , bombing of ATM s,all the Mancobas must rot in jail",0,23,109,0.2,0.35
James thentir,228229786,2018-03-16 06:15:27,@DMiliband @theIRC Plus obviously if any1 else is also killing innocents 😞- please just stop arguing or at the very… https://t.co/QYDj9cVH2J,0,15,77,0.0,0.5
Elizabeth Smithwick,1220414546,2018-03-16 06:15:24,"RT @djlavoie: People aren't freaking out ENOUGH about John Bolton as NSC.

He will tell Trump that bombing countries will make him ""tough""…",2001,196,184,-0.19444444444444445,0.6666666666666667
Lyth,863557639564689409,2018-03-16 06:15:13,RT @KolormeYellow: @jdgreenblatt45 @Palestine_UN @khalidalkhalifa @MfaEgypt @AymanHsafadi @AdelAljubeir @MOFAKuwait @MofaQatar_AR @MofaOman…,1,16,187,0.0,0.0
Bonnie Wood,1447429249,2018-03-16 06:15:12,"RT @NDPGrassroots: Jagmeet Singh condemns Talwinder Singh Parmar and accepts Air India bombing inquiry findings
#CDNpoli https://t.co/dfktp…",1,2040,2255,0.0,0.0
piece de resistance,4640068232,2018-03-16 06:15:06,"RT @JoeNBC: What an ignorant thing to say. 
Andrew McCabe served honorably in the FBI on the SWAT team, fighting organized crime, combating…",7954,892,735,0.0,0.0
Shopping agent,2298087008,2018-03-16 06:15:03,Honduran Living in Miami Pleads Guilty to Attempting to Support ISIS--by Bombing Shopping Mall -… https://t.co/oz6CbMfpAQ,0,1472,1763,-0.5,1.0
H D,766754756765192192,2018-03-16 06:15:03,"RT @AltScalesOfJust: If a hostile country bombs one US power plant, it’s an act of war. If they compromise our national nuclear power grid…",55,588,808,0.0,0.0
Shopping agent,2298087008,2018-03-16 06:15:02,Honduran Living in Miami Pleads Guilty to Attempting to Support ISIS--by Bombing Shopping Mall -… https://t.co/w3Umr15Kfg,0,1472,1763,-0.5,1.0
jamel chisolm,52502774,2018-03-16 06:15:01,"RT @JoeNBC: What an ignorant thing to say. 
Andrew McCabe served honorably in the FBI on the SWAT team, fighting organized crime, combating…",7954,255,459,0.0,0.0
jenni stevenson,20839291,2018-03-16 06:14:59,"RT @djlavoie: People aren't freaking out ENOUGH about John Bolton as NSC.

He will tell Trump that bombing countries will make him ""tough""…",2001,76,153,-0.19444444444444445,0.6666666666666667
Rainy City Beauty,769665971455832064,2018-03-16 06:14:59,"RT @djlavoie: People aren't freaking out ENOUGH about John Bolton as NSC.

He will tell Trump that bombing countries will make him ""tough""…",2001,164,1396,-0.19444444444444445,0.6666666666666667
Marilyn,27839185,2018-03-16 06:14:57,"RT @djlavoie: People aren't freaking out ENOUGH about John Bolton as NSC.

He will tell Trump that bombing countries will make him ""tough""…",2001,1266,640,-0.19444444444444445,0.6666666666666667
Dr. Martin Pracher,704508369,2018-03-16 06:14:55,The bombing of #Würzburg on March 16th 1945 as told by witnesses. https://t.co/JJR9PKeD6K,0,810,1797,0.0,0.0
ELLIE,4203005008,2018-03-16 06:14:53,"RT @hollyygale: Ariana Grande: 
-Raised millions of pounds for victims of the manchester bombing attack
-Came back to manchester with amazi…",2,676,227,0.0,0.0
Vigilant Violet,826297816796581888,2018-03-16 06:14:47,"RT @JoeNBC: What an ignorant thing to say. 
Andrew McCabe served honorably in the FBI on the SWAT team, fighting organized crime, combating…",7954,2262,3275,0.0,0.0
Patrick Rasenberg,18686543,2018-03-16 06:14:46,"RT @djlavoie: People aren't freaking out ENOUGH about John Bolton as NSC.

He will tell Trump that bombing countries will make him ""tough""…",2001,96,433,-0.19444444444444445,0.6666666666666667
drunkbunny,895113622388473856,2018-03-16 06:14:39,"RT @djlavoie: People aren't freaking out ENOUGH about John Bolton as NSC.

He will tell Trump that bombing countries will make him ""tough""…",2001,599,773,-0.19444444444444445,0.6666666666666667
Giglet,827709309362462720,2018-03-16 06:14:20,"RT @djlavoie: People aren't freaking out ENOUGH about John Bolton as NSC.

He will tell Trump that bombing countries will make him ""tough""…",2001,1449,3398,-0.19444444444444445,0.6666666666666667
Julie Pock,161509597,2018-03-16 06:14:16,"RT @djlavoie: People aren't freaking out ENOUGH about John Bolton as NSC.

He will tell Trump that bombing countries will make him ""tough""…",2001,29,287,-0.19444444444444445,0.6666666666666667
Julie,24544504,2018-03-16 06:14:14,"RT @AltScalesOfJust: If a hostile country bombs one US power plant, it’s an act of war. If they compromise our national nuclear power grid…",55,2802,2646,0.0,0.0
Liz Orvick,417591193,2018-03-16 06:14:04,"RT @djlavoie: People aren't freaking out ENOUGH about John Bolton as NSC.

He will tell Trump that bombing countries will make him ""tough""…",2001,185,1197,-0.19444444444444445,0.6666666666666667
mistermeester,20494590,2018-03-16 06:13:58,"RT @djlavoie: People aren't freaking out ENOUGH about John Bolton as NSC.

He will tell Trump that bombing countries will make him ""tough""…",2001,60,121,-0.19444444444444445,0.6666666666666667
CrankyOtter,16765892,2018-03-16 06:13:56,RT @faiza_n_ali: How is this not viral yet? An Illinois contractor bidding to build Trump’s wall on the Mexican border was among three men…,9764,247,133,0.0,0.0
Glyn Hnutu-healh,805708723616448512,2018-03-16 06:13:45,RT @KISSOnline: Legendary rock group KISS support children’s hospital after Manchester bombing @TheSun https://t.co/uIt41b6CgG,113,415,135,1.0,1.0
Immortal Daddy,2334991877,2018-03-16 06:13:36,"RT @djlavoie: People aren't freaking out ENOUGH about John Bolton as NSC.

He will tell Trump that bombing countries will make him ""tough""…",2001,349,505,-0.19444444444444445,0.6666666666666667
Melanie Lloyd,716611948507435008,2018-03-16 06:13:20,"RT @BTP: PC Mark Renshaw was one of the first emergency responders to the Manchester Arena bombing last year. 

On @ITV now he speaks about…",22,454,680,0.125,0.19999999999999998
LAGenie,2328205021,2018-03-16 06:13:18,"UN Panels explains that US bombing of civilians in Syria--unlike Russian bombing--cant be said to be war crimes
https://t.co/Lr6qxjwbat",1,237,457,0.0,0.0
yuu kamishiro,3671101034,2018-03-16 06:13:16,RT @godtiffanyy: if this ep12 of bphouse isnt some kind of comeback teaser or an announcement about their first album then im flying to kor…,7,657,157,0.425,0.6166666666666667
Pnak,224296419,2018-03-16 06:13:16,"RT @Banks_Todd: Doesn't change anything. Terror advocate @theJagmeetSingh also praised murderous despot Fidel Castro.

@ndp @AndreaHorwath…",7,57,100,0.0,0.0
Ivan,484088479,2018-03-16 06:13:01,"RT @djlavoie: People aren't freaking out ENOUGH about John Bolton as NSC.

He will tell Trump that bombing countries will make him ""tough""…",2001,71,123,-0.19444444444444445,0.6666666666666667
Melle,746005474265468928,2018-03-16 06:12:58,"RT @djlavoie: People aren't freaking out ENOUGH about John Bolton as NSC.

He will tell Trump that bombing countries will make him ""tough""…",2001,657,1420,-0.19444444444444445,0.6666666666666667
