username,authorid,created,text,retwc,followers,friends,polarity,subjectivity
Joe Bob 517:5,517164852,3/14/2018 18:39,"RT @TerranceCreamer: Honoring United States Marine Corps Staff Sgt. Archie A. Taylor, 37 of Tomball, Texas, assigned to the 2nd Intelligenc…",70,4259,5004,0,0
Varun Vijay,170616732,3/14/2018 18:39,"RT @scroll_in: Afghanistan: At least 10 security personnel killed in insurgent attack on checkpoint

https://t.co/dg33ybkth8",0,5156,3521,-0.25,0.2
Ali Fahumee,876374886,3/14/2018 18:38,@cjwerleman West and USA is responsible. They are arming terrorists and other groups to fight syrian Arab Army to d… https://t.co/D0rtLd0uTK,0,193,423,0.0375,0.4625
Ann Turner,2209906939,3/14/2018 18:38,"RT @LBF777: Although George HW Bush, aka Poppy, runs the worldwide drug trade, Obama, aka Renegade, ran the Afghanistan Opium market where…",4,582,476,0,0
Terrormonitor.org,3055067522,3/14/2018 18:38,"#AFGHANISTAN
#IslamicState’s Khorasan Province (#ISKP) Releases Pictures Showing Execution Of 3 Men Accused Of  Sol… https://t.co/jiAy4V6Mxc",1,97082,3348,0,0
MaRiaH Raza🇵🇰,3316128059,3/14/2018 18:38,RT @viitvdotcom: #US officials confirm that #Afghanistan has become the biggest #terrorist safe haven in the world with potential to destab…,8,4726,293,0.25,0.75
BhaktOfSwVivekananda,8.85173E+17,3/14/2018 18:38,"RT @VashiMant: Every 44 of 100 kids in Kerala born today r Ms. Number is even more in West UP, WB, Assam. Half of India will look like Afgh…",127,227,1915,0.166666667,0.333333333
Dharamkriti Pratap Singh,756800748,3/14/2018 18:37,"RT @VashiMant: Every 44 of 100 kids in Kerala born today r Ms. Number is even more in West UP, WB, Assam. Half of India will look like Afgh…",127,141,81,0.166666667,0.333333333
Abdulhaq Omeri,175163085,3/14/2018 18:37,"""Kabul is our main effort. To harden Kabul, to protect the people of Kabul and the international community that are… https://t.co/o4EvqVHuhC",0,21342,458,0.083333333,0.166666667
🇺🇸American Mom🌹,7.04354E+17,3/14/2018 18:37,"RT @LBF777: Although George HW Bush, aka Poppy, runs the worldwide drug trade, Obama, aka Renegade, ran the Afghanistan Opium market where…",4,6307,2629,0,0
Leo of Montrèal,8.85886E+17,3/14/2018 18:37,"#Afghanistan 
#Canada #Military 

Bahadur the brave: Afghan bomb disposal hero killed 
https://t.co/hdapZq7kDj",0,19,44,0.166666667,0.366666667
Jawid Sidiqee,7.90703E+17,3/14/2018 18:37,RT @USAmbKabul: Let’s be clear:  the United States does not support ISIS in #Afghanistan. We and our #Afghan partners are committed to erad…,30,41,286,0.1,0.383333333
connor english,386164899,3/14/2018 18:37,RT @MilitaryEarth: Honoring Navy Chief Cryptologic Technician (SW) Christian M. Pike who selflessly sacrificed his life five years ago in A…,1205,602,633,0,0
Wendy,116357280,3/14/2018 18:37,"RT @KedUvong: 5 years ago, my dear friend life's was cut short by evil terrorists. To all ""pink hat"" feminists out there, in my book, SFC B…",3,6534,3607,-0.366666667,0.533333333
Maryam Laly,1437383142,3/14/2018 18:37,"RT @BamyanFDN: Day 3 of #GlobalGivingAccelerator: Help #BamyanFDN raise $4,100 by March 30th to graduate the GG accelerator. Thank you for…",2,331,489,0,0
brenda,7.49148E+17,3/14/2018 18:37,"RT @mac123_m: All the jumped up war mongers getting excited about a war with Russia.
Tories &amp; Blairites want their fill of blood. 
Pipe dow…",107,1016,111,0.375,0.75
Amina Zia Massoud,387755562,3/14/2018 18:36,@BasirAtiqzai @ArtLordsWorld @afgexecutive @OmaidSharifi @NasibAtta @akmaldawi @DrPAhad @RiazSadat @wayandsangin Th… https://t.co/NVMA7DxLOi,0,29332,952,0,0
rosamond bailey,9.73986E+17,3/14/2018 18:36,"RT @ShujaRabbani: With all of Afghanistan's problems, this is the last one we need. I'd officially recognize them as Afghans. https://t.co/…",101,0,32,0,0.066666667
KT - MAGA! KAG! UNITED FOR ALL!,9.35147E+17,3/14/2018 18:36,RT @MilitaryEarth: Honoring Navy Chief Cryptologic Technician (SW) Christian M. Pike who selflessly sacrificed his life five years ago in A…,1205,277,274,0,0
Devel is in the detail,8.06812E+17,3/14/2018 18:36,RT @HindiPratyaksha: #Pakistan-#Afghanistan trade reduces by 50% as #India enters Afghan market - https://t.co/0BzjYnJ92l https://t.co/jRr8…,11,3209,2725,0,0
Shan-ul-Qadir,2508116794,3/14/2018 18:36,"RT @ZaidZamanHamid: Life is just a flash...
I still remember when in 1986, at the age of 22, I had stepped into the killing fields of Afgha…",68,18435,8521,0,0
🌸Julie #AmericaFirst,1531911318,3/14/2018 18:36,"RT @LBF777: Although George HW Bush, aka Poppy, runs the worldwide drug trade, Obama, aka Renegade, ran the Afghanistan Opium market where…",4,12258,9570,0,0
Ike Nkaa,8.34689E+17,3/14/2018 18:36,"RT @MosesAgbo8: This is not Syria, this not Afghanistan, this is not Yemen....
This is Plateau State , Nigeria. 
The dead were innocent peo…",43,221,4,0.15,0.55
Arthur Stefanski,2458809331,3/14/2018 18:36,RT @Bagh_eBabur: Fishing in Kabul - 1970s #Afghanistan. A moment lost in time. https://t.co/E82Bnl5xLE,148,1116,1469,0,0
Mike Lemaire,2782535303,3/14/2018 18:36,RT @MilitaryEarth: Honoring Navy Chief Cryptologic Technician (SW) Christian M. Pike who selflessly sacrificed his life five years ago in A…,1205,50,244,0,0
"Asim Yousafzai, Ph.D",74194248,3/14/2018 18:35,Is West winning in #Afghanistan? Tide of displaced people suggests not. https://t.co/QrGy4weEbq via @csmonitor,0,6753,186,0.5,0.75
Michel Ghandour,194587714,3/14/2018 18:35,An Afghan Toddler Named Donald Trump https://t.co/NE524plOJz,0,8957,1027,0,0
Rachel Miller,391317360,3/14/2018 18:35,RT @WHOAfghanistan: To #endpolio in #Afghanistan we need to vaccinate every child regardless of where they are or if they are on the move.…,44,716,1830,0,0
kathleen stonehouse,332872124,3/14/2018 18:35,"RT @mac123_m: All the jumped up war mongers getting excited about a war with Russia.
Tories &amp; Blairites want their fill of blood. 
Pipe dow…",107,1863,1659,0.375,0.75
ZK,1609080894,3/14/2018 18:35,But you are wafadar of afghanistan https://t.co/ap1O63R4Mr,0,6000,198,0,0
Sahra,2901919787,3/14/2018 18:35,RT @ajplus: Nilofar survived a bombing in Afghanistan and now she's a wheelchair basketball star. https://t.co/vQopoWWZNG,223,118,277,0,0
Bob,1005465739,3/14/2018 18:35,"RT @Tejas_Marine: Remember U.S. Army Capt. Sara M. Knutson Cullen, who passed away on this day in 2013. She was a 27-year-old BlackHawk pil…",538,1127,1952,0,0
Just another PT,364218451,3/14/2018 18:35,"RT @VashiMant: Every 44 of 100 kids in Kerala born today r Ms. Number is even more in West UP, WB, Assam. Half of India will look like Afgh…",127,222,593,0.166666667,0.333333333
IndianKashmiri,726506916,3/14/2018 18:35,"RT @VashiMant: Every 44 of 100 kids in Kerala born today r Ms. Number is even more in West UP, WB, Assam. Half of India will look like Afgh…",127,315,574,0.166666667,0.333333333
DeplorableDonna,36985886,3/14/2018 18:35,RT @MilitaryEarth: Honoring Navy Chief Cryptologic Technician (SW) Christian M. Pike who selflessly sacrificed his life five years ago in A…,1205,9446,7873,0,0
Andy Garcia,7.6354E+17,3/14/2018 18:35,"RT @TerranceCreamer: Remembering and Honoring United States Marine Corps Lance Corporal Jonathan D. Porto, 26 of Largo, Florida, assigned t…",60,134,215,0,0
Erika Stoltz🧚🏻‍♂️ ⚧,8.26442E+17,3/14/2018 18:35,RT @Perry_OB: When I was in Afghanistan an Infantry Sergeant accidentally shot himself while teaching troops how to safely clear a weapon.…,236,70,97,0.1,0.383333333
Bill Williams,234682302,3/14/2018 18:35,@josefxx1 @BettyBowers US is not perfect ... is there a nation that is?  But lets get real on Afghanistan (Russians… https://t.co/vlbVEQwngI,0,530,1279,-0.15,0.65
marvin boian,61391689,3/14/2018 18:35,RT @MilitaryEarth: Honoring Navy Chief Cryptologic Technician (SW) Christian M. Pike who selflessly sacrificed his life five years ago in A…,1205,176,1028,0,0
Rocky Wiseley,8.6606E+17,3/14/2018 18:35,"RT @TerranceCreamer: Remembering and Honoring United States Marine Corps Lance Corporal Jonathan D. Porto, 26 of Largo, Florida, assigned t…",60,710,1278,0,0
Faisal Warriech,2749540576,3/14/2018 18:34,"Mr cheap Justice, if anything happened to our leaders after seeing today blast, u will be responsible for that by t… https://t.co/Q585dd8VBV",0,19,79,0.3,0.625
Tuấn Nguyễn,1428853099,3/14/2018 18:34,Watch 30+ Afghanistan Live TV IPTV Channels with Live Net TV APK M3U v4.6 (Any Android Device)… https://t.co/DcUft7vvK4,0,473,311,0.090909091,0.333333333
cosmikdebris,1308753541,3/14/2018 18:34,"RT @LBF777: Although George HW Bush, aka Poppy, runs the worldwide drug trade, Obama, aka Renegade, ran the Afghanistan Opium market where…",4,677,600,0,0
Afghanistan Standing,7.44137E+17,3/14/2018 18:34,"@HosseinMadadiH Thats a great move but if the englishs were that civilized they would descriminate the #Irish ppl,… https://t.co/kVKjcs7T75",0,319,593,0.4,0.55
Pernicious Bovine,252141144,3/14/2018 18:34,@DARKWARG0TH @LAPDHQ @LASchoolPolice @LASchools do you live in LA? I'm guessing not. LAPD will turn rubber bullets… https://t.co/K3IurOndjK,0,1164,5000,0.136363636,0.5
Naomi Pitcairn,275220390,3/14/2018 18:34,"RT @ReThinkDrones: If Gina Haspel becomes CIA Director, she must not have authority to order drone strikes. Back in September, @ARetVet exp…",9,350,355,0,0
Rollins!,7.05195E+17,3/14/2018 18:34,"RT @TerranceCreamer: Let us Remember and Honor U.S. Army Sgt.1st Class Glen J. Whetten, 31 of Mesa, Arizona, assigned to the 1st Brigade, 1…",258,432,120,0,0
Andy Garcia,7.6354E+17,3/14/2018 18:34,RT @MilitaryEarth: Honoring Navy Chief Cryptologic Technician (SW) Christian M. Pike who selflessly sacrificed his life five years ago in A…,1205,134,215,0,0
ShlomoIndiana,8.5623E+17,3/14/2018 18:34,@freddyrace14 @robcarlson20 @WilliamsNevin @atlantis0000001 @snicker1245 @People4Republic @Finn_American @Goodoz… https://t.co/ZI71XdClrw,0,43,7,0,0
Shawn Christopher,6289232,3/14/2018 18:34,"@vexxedb4c Just watched your North Korean documentary... As someone who was stationed in Korea, and was deployed to… https://t.co/JGvHUCH4a5",0,319,661,0,0
